,created_at,id_str,text,truncated,geo,coordinates,place,retweet_count,favourite_count,in_reply_to_status_id_str,in_reply_to_user_id_str,lang
0,Wed Dec 25 09:13:48 +0000 2019,1209764168741474304,"When Santa hits you with that bestseller everyone's been recommending that you read. üíØ

(Comic by @Srishtinot.) https://t.co/TK0B4SfdRe",False,,,,2,,,,en
1,Wed Dec 25 09:00:01 +0000 2019,1209760698558865410,"‡§¶‡•á‡§∂ ‡§ï‡•á ‡§á‡§∏ ‡§Ö‡§∞‡§æ‡§ú‡§ï ‡§Æ‡§æ‡§π‡•å‡§≤ ‡§Æ‡•á‡§Ç, ‡§á‡§∏ ‡§Ö‡§ò‡•ã‡§∑‡§ø‡§§ ‡§Ü‡§™‡§æ‡§§‡§ï‡§æ‡§≤ ‡§Æ‡•á‡§Ç, ‡§π‡§Æ ‡§â‡§§‡•ç‡§§‡•á‡§ú‡§ø‡§§ ‡§π‡•à‡§Ç, ‡§ï‡•ç‡§∞‡•ã‡§ß‡§ø‡§§ ‡§π‡•à‡§Ç, ‡§¶‡•Å‡§ñ‡•Ä ‡§π‡•à‡§Ç‡•§ ‡§ê‡§∏‡•Ä ‡§î‡§∞ ‡§≠‡•Ä ‡§ï‡§à ‡§¢‡•á‡§∞ ‡§∏‡§æ‡§∞‡•Ä ‡§≠‡§æ‡§µ‡§®‡§æ‡§ì‡§Ç ‡§®‡•á ‡§π‡§Æ‡§æ‡§∞‡•á ‡§≠‡•Ä‡§§‡§∞ ‡§è‡§ï ‡§ï‡•å‡§§‡•Å‡§π‡§≤ ‡§Æ‡§ö‡§æ ‡§¶‡§ø‡§Ø‡§æ ‡§π‡•à‡•§

#CAAProtest #MentalHealth 

https://t.co/uo6EdwmM9C",False,,,,0,,,,hi
2,Wed Dec 25 08:30:00 +0000 2019,1209753143518433281,"Why is the #media quiet about #sexualviolence against members of the #LGBTQIA community? @MAARnews tells us about current media coverage of these incidents. 

https://t.co/anlztcId6u",False,,,,1,,,,en
3,Wed Dec 25 07:30:00 +0000 2019,1209738044246351873,"The future is #queer , and so was this year!

@Astha25646794 highlights our favourite queer moments from 2019.

https://t.co/N59JIhB4Mc",False,,,,2,,,,en
4,Wed Dec 25 06:30:00 +0000 2019,1209722944559042562,"#Manusmriti was unjust towards ‚ÄúUntouchables‚Äù as well as women across castes. This #ManusmritiDahanDiwas , we need to remind ourselves to reject and condemn this oppressive text. 

https://t.co/gApx0jL0XD",False,,,,5,,,,en
5,Wed Dec 25 04:30:00 +0000 2019,1209692745813483520,""" #Section144 is a piece of colonial-era legislation that was primarily used by the British to curb dissent, quite similar to how it is used by the #IndianGovernment today."" - @HamsadhwaniA 

#IndiaRejectsCAA_NRC #CAAProtest 

https://t.co/De9RnuNUKk",False,,,,5,,,,en
6,Wed Dec 25 03:30:00 +0000 2019,1209677646247784448,"""On 12th December, #AkhilGogoi , #RTI activist and President of Krishak Mukti Sangram Samiti (KMSS) , was detained by the #AssamPolice ."" - @madulithaosen

#IndiaRejectsCAA #IndiaRejectsNRC 

https://t.co/GSZ45LtHbC",False,,,,1,,,,en
7,Tue Dec 24 21:18:47 +0000 2019,1209584228578529285,Why Does BJP Government Fear Akhil¬†Gogoi? https://t.co/GSZ45Lc6k4 https://t.co/bciZdbjLlg,False,,,,6,,,,en
8,Tue Dec 24 18:45:10 +0000 2019,1209545568990769152,What Is Section 144 And Why We Should Still Resist Against¬†CAA https://t.co/De9RnuwjSM https://t.co/Dw3P5qT6rA,False,,,,0,,,,en
9,Tue Dec 24 18:40:56 +0000 2019,1209544503649955840,14 Queer Moments That Made 2019¬†Memorable https://t.co/N59JIhB4Mc https://t.co/g1grTlwBEl,False,,,,4,,,,en
10,Tue Dec 24 18:35:28 +0000 2019,1209543127738003460,Interview With Bindumadhav Khire On Media‚Äôs Coverage Of LGBTQ+ Issues |¬†#GBVInMedia https://t.co/anlztcqCeW https://t.co/rX6pcanCph,False,,,,0,,,,en
11,Tue Dec 24 17:30:00 +0000 2019,1209526652159565825,"When we think of the minority groups who may be affected by the #NRC and #CAA , we often forget to recognise their impact on #Adivasis. 

@AdivasisMatter reminds us how dire these consequences are for them. 

https://t.co/v4tMzeNO8q",False,,,,19,,,,en
12,Tue Dec 24 17:00:00 +0000 2019,1209519104383602688,"‡§∏‡§¶‡§´‡§º ‡§ï‡•á ‡§™‡§∞‡§ø‡§µ‡§æ‡§∞ ‡§µ‡§æ‡§≤‡•ã‡§Ç ‡§ï‡§æ ‡§Ü‡§∞‡•ã‡§™ ‡§π‡•à ‡§ï‡§ø ‡§™‡•Å‡§≤‡§ø‡§∏ ‡§®‡•á ‡§â‡§®‡§ï‡•Ä ‡§≤‡§æ‡§†‡§ø‡§Ø‡•ã‡§Ç ‡§∏‡•á ‡§™‡§ø‡§ü‡§æ‡§à ‡§ï‡•Ä‡•§ 

#IndiaRejectsCAA #PoliceStopViolence #IndiaRejectsNRC #SadafJafar

https://t.co/P6NUl0O6Ng",False,,,,0,,,,hi
13,Tue Dec 24 16:30:00 +0000 2019,1209511552136679425,"""On 22nd December, PM #NarendraModi addressed a rally at Delhi‚Äôs Ramlila Maidan, and ‚Äòclarified‚Äô (read: contradicted) his views on the ongoing protests on the #CAA ."" - @Suchitrawrites

#IndiaRejectsCAA #IndiaRejectsNRC #MeraPMJhoothaHai 

https://t.co/FdGYQur8R3",False,,,,1,,,,en
14,Tue Dec 24 15:30:00 +0000 2019,1209496452797534213,"""Women can't play sports.""

OK. üëçüëçüëçüëçüëç

#WomenInSports

https://t.co/FtAEDjUvdJ",False,,,,1,,,,en
