,word,split
0,#globalgoals,global goals
1,#withrefugees,with refugees
2,#weareindigenous,we are indigenous
3,#girlsinict,girls in ict
4,#edd18,european development days 2018
5,#africanwomenleaders,african womens leaders
6,#planet5050,planet 5050
7,#genderequality,gender equality
8,#timeisnow,time is now
9,#unscr1325,united nations security council resolution 1325
10,#heforshe,he for she
11,#worldrefugeeday,world refugee day
12,#syriaconf2017,syria conference 2017
13,#metoo,me too
14,#dayoffamilies,day of families
15,#equalpayday,equal pay day
16,#endrapeinwar,end rape in war
17,#womeninsport,women in sport
18,#g7,g7
19,#timesup,times up
20,#mondaymotivation,monday motivation
21,#women,women 
22,#crpd,convention on the rights of persons with disabilities
23,#spotlightendviolence,spotlight end violence
24,#equalpay,equal pay
25,#cosp10,convention on the rights of persons with disabilities
26,#mothersday,mother's day
27,#unpfii16,united nations permanent forum on indigenous issues
28,#cosp11,convention on the rights of persons with disabilities
29,#pk70,70 years of united nations peace keeping
30,#mexicogp2017,mexico global platform for disaster risk reduction
31,#widowsday,widow's day
32,#parentsday,parent's day
33,#unwomentc,united nation women
34,#stoptherobbery,stop the robbery
35,#ruralwomen,rural women
36,#idsdp2018,international day of sport for development and peace 2018
37,#idahot,international day against homophobia and transphobia
38,#migrantwomen,migrant women
39,#worldenvironmentday,world environment day
40,#csw62,commission on the status of women
41,#webbys,webby award
42,#womenrefugees,women refugees
43,#unstereotype,unstereotype
44,#earthday,earth day
45,#sdgs,sustainable development goal
46,#canneslions,cannes lion award
47,#standup4humanrights,stand up for human rights
48,#promisestoaction,promises to action
49,#weinclude,we include
50,#peace72,peace keeping
51,#worldpressfreedomday,world press freedom day
52,#peacebuilding,peace building
53,#fathersday,fathers day
54,#climatechange,climate change
55,#pressfreedom,press freedom
56,#womeninscience,women in science
57,#womenofsyria,women of syria
58,#womeninpolitics,women in politics
59,#worldoceansday,world oceans day
60,#safeday,safe day
61,#whatwomenwant,what women want
62,#weplaytogether,we play together
63,#dyk,did you know?
64,#syriaconf2018,syria conference 2018
65,#investinginpeace,investing in peace
66,#sustainingpeace,sustaining peace
67,#intgenderchampions,international gender champions
68,#sheiswe,she is we
69,#nochildlabour,no child labour
70,#unfpii16,united nations permanent forum on indigenous issues
71,#worldcup,world cup
72,#pridemonth,pride month
73,#africaday,africa day
74,#fromwhereistand,from where is t and
75,#fridayfeeling,friday feeling
76,#sdgsandher,sustainable development goal and her
77,#pkday,peace keeping day
78,#pride,
79,#worldhealthday,world health day
80,#ittakesawoman,it takes a woman
81,#saveourocean,save our ocean
82,#idsdp2017,international day of sport for development and peace 2017
83,#unstereotypealliance,unstereotype alliace
84,#wednesdaywisdom,wednesday freedom
85,#genderbudgeting,gender budgeting
86,#idahotb,international day against homophobia and transphobia
87,#mayday,may day
88,#smday,social media day
89,#stockholmgenderforum,stockholm gender forum
90,#tas2017,transform africa summit 2017
91,#disabilities,
92,#womenatwork,women at work
93,#endvaw,end violence against women
94,#futureofsyria,future of syria
95,#endfgm,end female genital mutilation
96,#syrianwomen,syrian women
97,#familyplanning,family planning
98,#migration,
99,#jazzday,jazz day
100,#futureofmanhood,future of manhood
101,#worldbookday,world book day
102,#syria,
103,#withnature,with nature
104,#ewecisme, every woman every child is me
105,#skollwf,skoll world formun
106,#everest,
107,#labourday,labour day
108,#midwives,
109,#bethere,be there
110,#digitalgendergap,digital gender gap
111,#humanrights,human rights
112,#tuesdaythoughts,tuesday thoughts
113,#unsc,united nation security council
114,#unpfii17,united nations permanent forum on indigenous issues
115,#letstalk,let's talk
116,#endfistula,end fistula
117,#pride2017,pride 2017
118,#genderterm,gender term
119,#idm2017,international doula month 2017
120,#springmeetings,spring meetings
121,#htdgtour,how to do food tout
122,#culturaldiversity,cultural diversity
123,#humanitarianaction,humanitarian action
124,#w7startingfromgirls,starting from girls
125,#loveislove,love is love
126,#lgbti,lgbt
127,#thursdaythoughts,thursday thoughts
128,#tbt,throwback thursday
129,#weempower,we empower
130,#g7charlevoix,g7 charlevoix
131,#justiceforwomen,justice for women
132,#herstoryourstory,her story our story
133,#equalsintech,equals in tech
134,#wtisd,world telecommunication and information society day
135,#youth4peace,youth for peace
136,#lgbt,
137,#dayofthemidwife,day of the midwife
138,#shedds,european developement days for she
139,#pakistan,
140,#decentjobsforyouth,decent jobs for youth
141,#pacific,
142,#sdg5,soustainable develoapment goals
143,#royalwedding,royal wedding
144,#kanchhimaya,
145,#endchildmarriage,end child marriage
146,#jahaspromise,jaha's promise
147,#saveouroceans,save our oceans
148,#justicefornoura,justice for noura
149,#imfgender,interational monetary found gender
150,#mteverest,everest
151,#empowerwomen,empower women
152,#witw,
153,#gender,
154,#wps,women professional soccers
155,#weeforum2017,women's economic empowerment forum 2017
156,#peace,
157,#endviolence,end violence
158,#fundunfpa,united nation population found
159,#healthforall,health for all
160,#climatesmart,climate smart
161,#ffdforum,forum on financing for development
162,#worlddrugday,world drug day
163,#fin4dev,financing for development
164,#deliverforgood,deliver for good
165,#familyremittances,family remittances
166,#worldbeeday,world bee day
167,#fiji,
168,#depression,
169,#eu,europe
170,#genderequalworld,gender equal world
171,#idm2018,international doula month 2018
172,#goodmorning,good morning
173,#tcspringpanel,toronto center spring panel
174,#womenintech,women in tech
175,#stem,"science, technology, engineering and mathematics"
176,#womensrights,women's right
177,#achildisachild,a child is a child
178,#childmarriage,child marriage
179,#mhday2017,menstual hygiene day
180,#drr,disaster risk reduction
181,#sexualviolence,sexual violence
182,#crsv,conflic related sexual violence
183,#worldparliamentday,world parliament day
184,#womeninsports,women in sports
185,#chibokgirls,chibok girls
186,#notobacco,no tobacco
187,#didyouknow,did you know
188,#gbv,gender based violence
189,#zerohunger,zero hunger
190,#refugees,
191,#infinitywar,infinity war
192,#servingforpeace,serving for peace
193,#worldmalariaday,world malaria day
194,#webby,webby awards
195,#nycjuniorambassadors,new york city junior ambassadors
196,#powerwithpurpose,power with purpose
197,#gfrid2017,"global forum on remittances, investment and development 2017"
198,#southsudan,south sudan
199,#teachersday,teachers day
200,#lebanon,
201,#afghanistan,
202,#africa,
203,#bringbackourgirls,bring back our girls
204,#w20,women
205,#domesticviolence,domestic violence
206,#time100,time 100
207,#teacherappreciationday,teacher appreciation day
208,#moldova,
209,#nepal,
210,#unispace50,united nations office for outer space affairs
211,#girlsforachange,girls for a change
212,#savethebees,save the bees
213,#paygap,pay gap
214,#rohingya,
215,#biz4good,biz4good
216,#eu4dev,europe for development
217,#youth,
218,#cpd51,commission on population and development
219,#sweden4sdgs,sweeden for sustainable development goals
220,#internationalworkersday,international workers day
221,#comedyforequality,comedy for equality
222,#nepalquake2yr,nepal quake
223,#worldrugbyu20s,world rugby under 20s
224,#girls,
225,#hiv,
226,#yemen,
227,#wpfd2017,world press freedom day
228,#safeandfair,safe and fair
229,#lgbtqi,
230,#unff13,united nations forum on forests
231,#fridayreads,friday reads
232,#bigdata,big data
233,#nigeria,
234,#malawi,
235,#asean,association of southeast asian nations
236,#yogaday,yoga day
237,#idahot2017,"international day against homophobia, transphobia & biphobia"
238,#20kmbxl,20km de bruxelles
239,#dw_gmf,dw global media forum
240,#georgia,
241,#sport,
242,#climateaction,climate action
243,#sdg,sustainable development goals
244,#worldipday,world intellectual property day
245,#sy,
246,#herstory,her story
247,#fistula,
248,#thisgirlcan,this girl can
249,#icymi,in case you missed it
250,#okoye,
251,#cultureoflove,culture of love
252,#imad2018,international mine awareness day
253,#jointogether,join together
254,#imfmeetings,international monetary found meetings
255,#ggwcup,global goals world cup
256,#tanzania,
257,#nepalquake,nepal quake
258,#orangeday,orange day
259,#europeday,europe day
260,#20percentcounts,20 percent counts
261,#throwback,
262,#dayoftheafricanchild,day of the african child
263,#sawasouthsudan,sawa south sudan
264,#skopje,
265,#education,
266,#2030agenda,2030 agenda
267,#maythe4thbewithyou,may the force be with you
268,#3yearstoolong,3 years too long
269,#g20,g 20
270,#disability,
271,#leavenowomanbehind,leave no woman behind
272,#health,
273,#maternalhealth,maternal health
274,#ge2017,general election
275,#refugeeday,refugee day
276,#feminist,
277,#april6,april
278,#sdg4,sustainable development goals
279,#elderabuse,elder abuse
280,#ilc2017,international liver congress
281,#somalia,
282,#mineaction2017,mine action 2017
283,#safebirth,safe birth
284,#endobstetricfistula,end obstetric fistula
285,#feminism,
286,#celebratewomen,celebrate women
287,#agenda2063,agenda 2063
288,#endgbv,end domestic and gender-based violence
289,#unpopulation,united nations population
290,#saudiarabia,saudi arabia
291,#albania,
292,#gendergap,gender gap
293,#vanuatu,
294,#genderpolicyinfluencers,gender policy influencers
295,#spain,
296,#endpoverty,end poverty
297,#myanmar,
298,#childrenuprooted,children uprooted
299,#germany,
300,#womenpeacesecurity,women peace security
301,#oecdgfd,global forum on development
302,#noesdehombres,no es de hombres
303,#saudi,saudi arabia
304,#globaldayofparents,global day of parents
305,#millenniumfellowship,millennium fellowship
306,#financialinclusion,financial inclusion
307,#tcjosie,tropical cyclone joise
308,#ruleoflaw,rule of law
309,#worldbicycleday,world bicycle day
310,#carework,care work
311,#womeninstem,women in stem
312,#notghosts,not ghosts
313,#breaktheglass,break the glass
314,#generationsafeandhealthy,generation safe and healthy
315,#teacherappreciationweek,teacher appreciation week
316,#vaccineswork,vaccines work
317,#undrip,declaration on the rights of indigenous peoples
318,#rwanda,
319,#solomonislands,solomon islands
320,#sdg5dreamteam,susteinable development goals
321,#evaw,end violence against women
322,#brussels,
323,#iwd2018,international women day
324,#worldautismday,world autism day
325,#sexism,
326,#sweden,
327,#earlymomentsmatter,early moments matter
328,#un,united nations
329,#innovation,
330,#undataforum,united nations data forum
331,#woman,
332,#humanitarian,
333,#defendher,defend her
334,#mentalhealth,mental health
335,#chogm2018,commonwealth heads of government meeting
336,#violenceagainstwomen,violence against women
337,#mustwatch,must watch
338,#zimbabwe,
339,#fp50,family planning
340,#energy,
341,#makegenderinequalityhistory,make gender inequality history
342,#bostonmarathon,boston marathon
343,#tonga,
344,#safecities,safe cities
345,#sudan,
346,#kenya,
347,#unforests,
348,#wo,
349,#ge,general electric
350,#womeninbiz,women in biz
351,#edd17,european development days
352,#foreverychild,for every child
353,#wcid,world creativity and innovation day
354,#c,
355,#womenseconomicempowerment,womens economic empowerment
356,#csw61,commision on the status of women
357,#onthisday,on this day
358,#india,
359,#humantrafficking,human trafficking
360,#5wordspeech,5 word speech
361,#indonesia,
362,#africanwomenleadersnetwork,african women leaders network
363,#yalbinism,albinism
364,#hijab,
365,#endviolenceagainstwomen,end violence against women
366,#thankateacher,thank a teacher
367,#chhaupadi,
368,#planet505,planet 505
369,#digitalpayments,digital payments
370,#crimjust,united nations office on drugs and crime
371,#gpha,greater philadelphia health action
372,#investi,investi
373,#redistribute,
374,#by2030,by 2030
375,#unpfii1,united nations for indigenous people
376,#nationalwineday,national wine day
377,#actonclimate,act on climate
378,#sd,sustainable development
379,#domesticwork,domestic work
380,#g7taormina,g7 taormina
381,#merkel,
382,#timorleste,east timor
383,#apparelmanufacturing,apparel manufacturing
384,#w,
385,#oursharedshelf,our shared shelf
386,#autismday2018,autism day 2018
387,#weareindige,we are indigenous
388,#poweringthefuture,powering the future
389,#dkaid,
390,#listenfirst,listen first
391,#southafrica,south africa
392,#planet5,planet 5
393,#intersex,inter sex 
394,#healthf,health for all 
395,#womentogether4africa,
396,#supersongoescannes,
397,#syriac,
398,#ilooklikeasurgeon,i look like a surgeon
399,#children,